ZCTA5,Nearest_Hospital_Distance
78624,0.0
78626,21443.710460752613
78628,14228.011802169834
78631,42374.9080871492
78632,28125.82017718949
78633,27182.10579969959
78634,13251.12390486103
78635,36496.178532829894
78636,41783.47640957004
78638,22509.393995026694
78639,28466.653339258184
78640,0.0
78641,12542.333265573752
78642,28470.71341891054
78643,0.0
78645,9365.373353418578
78654,0.0
78659,25880.23306612314
78661,30839.809762839446
78663,24228.041015209696
78665,5176.94817482292
78670,21413.1669263335
78672,33186.05528359149
78676,28108.885838353173
78681,0.0
78703,3023.75272859194
78704,0.0
78722,2710.956499676869
78723,6014.973508971333
78725,15577.655059408737
78727,5486.17234046579
78730,8017.8082465561165
78732,6290.294002350309
78734,0.0
78736,9482.498173095479
78738,7688.764444560887
78742,9958.094899589627
78745,5880.732238007084
78747,15272.675691803188
78753,3784.113531575489
78754,8063.003363707918
78758,0.0
78759,0.0
78827,21304.087185510758
78828,97602.70182048822
78832,68693.0723432174
78834,0.0
78837,38820.734480178915
78840,0.0
78850,52247.96454971167
78872,52791.365441079644
78877,39982.42155414352
78881,75113.55010957632
78885,51196.53683882753
78931,22574.25083668773
78933,26039.419723160645
78935,14451.369446476278
78940,25607.533029019312
78942,32788.510808187035
78945,0.0
78947,54767.99597570288
78949,23859.72185833393
78953,28188.66699836087
78956,22525.506288904977
78963,15468.074254518035
79003,50878.068178355155
79007,59506.648167345505
79010,30228.017628186823
79012,15602.569387298823
79015,35836.34075507635
75558,13777.052968821996
75559,51742.286639046055
75560,36273.70216440603
75561,24760.99310181906
75562,50530.5704411513
75563,56709.474949260635
75565,58388.94192341375
75566,50092.7208671612
75567,22313.05891154779
75568,42578.959637750086
75570,36052.772817233235
75571,23886.09418349964
75573,12498.947373959807
75574,47323.70773414305
75602,9680.32212754048
75604,11554.86950963459
75630,42407.77456784776
75638,37827.621377627554
75640,18044.89263581504
75643,17503.31077024292
75650,16610.195168077284
75652,0.0
75656,51484.61410967808
75668,42803.67451147714
75670,0.0
75682,19092.427683208476
75684,16466.246647595945
75692,36264.55894897655
75693,15487.291147705835
75703,11370.591605132275
75705,13620.562963976497
75707,14054.154941967248
75750,23966.34992471103
75752,22416.907969242773
75755,31762.970977865236
75757,24376.63700961567
75763,32075.012117254733
75765,29873.92294332191
75771,29611.691781639187
75778,34808.334627434706
75783,37719.66853581418
75784,32984.12285243867
75788,40091.37364980126
75791,16098.38357916002
75801,0.0
75831,42651.28616200861
75835,0.0
75839,17540.121242867808
75845,31863.284784701897
75849,16196.558848401297
75852,43181.8398041217
75855,39188.11945771722
75859,21270.616507004834
75861,23771.267333831645
75901,0.0
75925,44664.9740411922
75929,42513.42539643677
75931,22683.778542768654
75936,30210.888704444325
75938,20965.45343851528
75941,19873.886426341203
75943,41634.74956027845
75951,0.0
75956,35200.21766528138
75960,26627.950428973658
75964,28390.64421278935
75966,38761.6828274509
79016,30029.894092544917
79018,75209.69102152405
79019,61516.68910447637
79021,36548.36704144979
79022,135965.8320609943
79027,62961.83469128574
79029,86780.55150651188
79031,52624.645103076946
79032,27086.974049626057
79034,65292.90708783078
79035,40003.56336464248
79036,66959.80235482755
79039,44202.534516506836
79041,27150.447380862704
79043,51599.52901048731
79045,0.0
79052,25522.883992634164
79057,49868.65693033299
79059,42131.55585875383
79062,96738.22014704064
79064,42719.985705372856
79070,75027.92021723054
79080,43535.305120605735
79082,45247.071805359585
79084,84349.92549176372
79087,169701.11566967002
79091,47060.07918203584
79093,82466.33098775551
79097,34260.016363619114
79105,60759.16691674759
79106,0.0
79107,10935.148072777203
79108,21777.382573787443
79110,7853.954393491125
79119,18521.508730246824
79124,0.0
79220,107273.52295976861
79226,87702.63517552704
79229,97395.01003023116
79233,29935.324771600044
79237,75713.21210754565
79241,39209.250807601406
79243,99935.90250928908
79248,58806.54857964036
79250,42269.123205790835
79252,54625.41324451201
79256,89479.57002915819
79259,20794.154948512307
79311,21992.424283772456
79313,22388.436486567713
79316,0.0
79324,38645.947638783146
79326,28531.12601622761
79336,0.0
79345,25314.658619501475
79347,59095.22550895082
79351,40632.03763320697
79356,69999.24121639949
79358,32375.30180734197
79360,47710.717079060174
79364,26923.818900992017
79367,23690.659378632532
79371,47964.34543733498
79373,49995.60551018017
79380,19307.774358335035
79382,20078.61055612771
79403,16552.82488147609
79407,12694.012585844033
75969,16411.75591773992
75972,42401.7348012129
75973,48626.47873180153
75974,23022.18267708673
75975,33958.65762425455
75976,26376.85824167135
75977,34012.02428600299
75980,40673.77975516609
76001,4321.248064813813
76002,8969.18361695916
76006,5900.457137525149
76008,20237.35684544452
76009,18424.245166034925
76010,7177.752902461735
76012,0.0
76014,5064.728242029887
76016,4607.2297332624685
76018,6375.787515410916
76023,20204.277730861497
76028,0.0
76033,0.0
76040,5789.6182306415285
76043,0.0
76048,0.0
76050,33546.15989095053
76052,7427.155768042999
76055,18610.54682372962
76060,6565.861880824691
76061,10055.579509025376
76064,27981.88933711565
76066,19193.866914822407
76070,16186.556102831068
76073,32466.920664441073
76085,16069.87173361323
76087,11150.590704343744
76092,0.0
76103,6597.21001245833
76107,6651.122217634063
76110,0.0
76111,6840.390425206236
76114,11219.173814387383
76117,6747.74478273538
76119,7984.646867418718
76123,6996.298801790656
76127,13757.020942035786
76133,4879.871095487314
76137,7783.932768866849
76155,9270.219058509932
76164,8058.352764470965
76179,14338.893122522271
76201,0.0
76205,4624.545061202912
76209,4384.481136517026
76225,21558.85633522258
76227,0.0
76230,0.0
76238,29797.207232929595
76245,28306.148705708216
76248,6199.822985815527
76250,7648.360214658859
76255,0.0
76258,15255.458644103557
76261,26192.241653298894
76263,26915.05652643619
76266,20834.81636023299
76270,24115.52347558077
76272,25864.981428912517
76301,0.0
76305,15831.407563250277
76351,35727.083252133125
79415,0.0
79416,0.0
79424,13714.866635701517
79501,0.0
79502,43615.75982147633
79503,18628.395260216737
79504,48660.95176085838
79505,18654.40363151435
79506,44516.04214767224
79510,35044.95572966242
79511,31838.501953528168
79512,62343.899111384024
79517,86205.52873087597
79518,90222.78435582206
79519,43544.09152107789
79520,0.0
79521,32153.87304133422
79527,62708.334126082715
79529,0.0
79532,39306.54247027337
79536,27384.151600187735
79539,10121.585220499774
79541,27397.697492905572
79544,18275.748368053937
79546,40873.85385959678
79548,17900.67173717607
79553,0.0
79561,20248.66171448355
79563,12167.77065019585
79566,46265.89647493107
79601,0.0
79605,10854.281248753045
79701,0.0
79705,8096.839949114601
79718,114127.50846774582
79719,116170.46317602046
79731,59140.30314030564
79734,130742.73621101883
79738,60148.44515381675
79742,78419.31413287233
79744,93409.14123278002
79748,28660.31150179561
79752,86442.84264043169
79759,39945.3805928325
79762,9292.617030344834
79764,14268.008194561913
79766,21138.842446872557
79777,98662.71907958464
79780,99114.92093793135
79782,34339.06778102391
79785,138878.6964437632
79789,92299.35554271344
79831,72719.4509582756
79835,22140.9884424156
79837,91381.57253693396
79842,91969.69060239766
79847,89502.19856939623
79851,101305.40132180837
79853,52260.417587016695
79902,0.0
79904,10671.393422700794
79905,0.0
79907,9564.482008271905
79912,9240.765204979145
79922,8127.892657172739
79924,17846.683362858214
79925,7809.768620727013
79934,23125.33361521543
79936,0.0
76354,30188.786716096067
76357,40534.88884979404
76360,48085.773767108134
76363,34500.58357327292
76364,35123.108349751354
76365,34866.435291436355
76367,28573.906914851723
76370,41108.00299530948
76371,23922.284624140717
76372,41281.210624522784
76374,41453.13317618931
76377,30502.527351067205
76379,17666.86099363108
76380,0.0
76384,0.0
76388,28683.09823265206
76424,0.0
76426,39002.731919025864
76431,29124.639324298252
76437,24814.55558222369
76443,54686.849108975
76445,30829.255156398136
76448,0.0
76452,20565.4435144906
76454,26521.577614960865
76457,39132.99523914746
76459,23477.65481927256
76462,27722.301200489223
76464,44332.90941105403
76470,20541.879339489828
76475,45352.11867538606
76481,15793.874970489143
76486,29451.146538570167
76491,34846.32801703389
76501,12215.259591291757
76504,6798.856831049447
76513,11542.633570079211
76519,21844.88560343262
76522,36777.17663776862
76524,30464.64944222929
76527,22622.44613553025
76530,36965.81900723198
76539,31060.06638258891
76542,0.0
76544,17293.408133697692
76550,54639.42830359018
76556,24205.666707073622
76559,5646.93564797887
76565,18859.378180020904
76567,31335.704853955136
76570,26915.874092458635
76574,30532.695366010947
76578,45580.99628615891
76624,37228.35754078287
76626,20927.682107403045
76627,26750.942512337024
76629,30342.00189650804
76631,19504.708743337324
76633,21276.14883047424
76636,25987.803059375427
76638,21298.7342808717
76640,29896.527934753736
76642,20855.317214009752
76645,0.0
76649,28328.058932927514
76655,18835.927214059684
76656,29102.415961374034
76660,28743.170002178133
76664,31791.03021535778
76666,24250.664437368006
76670,21592.30474719009
76671,38221.81929878132
76673,44736.32160213629
76676,28860.097014363753
76678,32310.83965849241
76679,22266.22734942239
76680,16688.05439484645
76681,27477.632168957705
76682,18692.587995570462
76685,18566.64382410447
76687,37190.205748330314
76689,33351.457535418114
76690,17670.791438300548
76691,32205.597138320238
76692,23285.1661964219
76705,22251.499200705373
76706,19784.716296627357
76708,14316.388382719215
76712,0.0
76801,0.0
76820,40629.815198141245
76823,14410.005916415475
76828,44945.805586355695
76832,38465.38311533784
76837,56104.582168851004
76842,54265.47728578692
76845,55937.96926798165
76849,92157.03544481624
76854,93655.40201915504
76857,27421.569644381354
76859,79350.99927375207
76865,57387.75148326138
76870,38505.91155023364
76872,56553.693748820166
76878,30324.17008417275
76882,72464.24109569796
76885,30625.441896467666
76890,30173.03140751847
76903,0.0
76905,13220.161595583597
76930,86421.72707238495
76934,30067.488665054236
76936,56026.242198171545
76939,18152.09773103948
76941,57605.454379434945
76949,65474.51070824691
76955,26934.318578294384
76958,42803.09977599632
77003,2359.6149989372466
77007,3562.888054450049
77011,6532.256659664916
77012,9904.73502087204
77013,15018.68645551355
77014,4232.784217441047
77017,8763.863234615961
77019,5012.912554268012
77022,6099.336689212639
77024,0.0
77030,0.0
77031,7753.776235615183
77032,7851.698443659706
77035,0.0
77037,7036.516956363351
77041,8910.602916926271
77043,9375.141496761813
77045,5328.477011230679
77048,9798.223316712449
77053,9093.149170854587
77054,0.0
77055,4073.436848242741
77060,10792.50518377819
77061,10507.409916636729
77063,4655.256243244422
77064,6337.617681002914
77065,0.0
77066,8361.148845314026
77068,4801.249211591087
77069,5525.970423240467
77070,0.0
77071,4843.357627090159
77072,7014.270164113682
77073,5062.340435628734
77074,6316.595481429476
77075,9267.020295154716
77077,4487.510687122395
77078,17706.887786895433
77079,7907.029312319342
77081,7609.160514658894
77086,10007.602756961567
77088,3873.619762879988
77090,0.0
77092,4817.256748850255
77094,0.0
77099,6990.732014698567
77301,9306.906463369694
77304,0.0
77316,18626.891026371
77326,26611.26557153267
77328,31314.00114862956
77336,13743.412361435503
77340,0.0
77345,6939.508805625422
77350,15300.958243339097
77354,16236.235255842985
77356,26086.812155003834
77358,16114.633554315746
77362,11940.9995676377
77364,27637.467766476133
77367,15842.846159392526
77371,23344.53309989677
77373,9506.406539082933
77377,9404.734609063611
77379,9024.915197053037
77382,7401.198702555361
77385,8502.752600270587
77388,7134.401536850466
77396,8247.990925730257
77407,9925.29353916629
77414,0.0
77418,0.0
77420,39413.08014452343
77423,21074.403134408894
77428,49167.1068348787
77432,20623.80059059114
77437,0.0
77441,14227.967066719886
77444,26656.662404835693
77449,11558.51280326312
77450,6982.656744307201
77455,19146.464418794134
77456,26728.214726246795
77458,33434.58624204815
77461,18768.52840161385
77465,42625.9347541796
77467,17490.816124707264
77469,0.0
77475,22335.80217197158
77477,4550.831522173284
77480,27671.072394857652
77481,13766.040599276768
77482,25828.594442339763
77484,32159.87711540161
77485,28929.156664958067
77486,26667.30177314853
77488,24211.73731519161
77489,7986.761717300659
77493,13960.685236736235
77494,0.0
77498,5888.545193323325
77502,4177.308903942354
77503,7566.650456922845
77505,0.0
77511,23162.717016471168
77515,16049.809184788632
77519,37786.962851731245
77521,0.0
77530,16265.058284750643
77532,19689.409063966054
77534,29101.041745282368
77536,6962.079046172891
77539,15265.25131939467
77546,6822.097068596945
77550,47801.92043553965
77554,44187.77112978081
77562,10615.359245316082
77566,0.0
77571,11076.92669765913
77575,38261.35055880573
77580,13932.748539461301
77583,24428.450733360653
77585,45090.31581065529
77590,29231.17707882116
77597,29763.139185798915
77611,21491.51591222141
77613,25792.638777569784
77615,31563.697589272524
77622,34733.24284118342
77625,46578.97477484671
77629,33546.806875703696
77640,0.0
77642,7962.093307923553
77655,21836.76259047456
77657,19458.800805303836
77660,33103.98720894851
77662,16691.762696191407
77703,5540.490522023201
77705,22528.118975076308
77707,6869.527115414813
77803,7438.641672346436
77808,16612.07702159723
77831,42079.74024686073
77835,21064.08914202703
77840,6758.217825633736
77853,52399.88661310538
77856,54616.378079028356
77859,34590.8228466203
77865,61570.0062032231
77868,34571.74454516966
77872,37592.221753780424
77876,37725.782021924715
77904,15501.49029549031
77950,57998.82694365692
77954,0.0
77960,30284.31500171087
77962,33627.89251651287
77968,20255.659641231578
77970,49935.74550733389
77973,33282.06627384097
77975,40420.5004383295
75006,5123.0508150794785
75009,18378.20617040025
75013,0.0
75020,0.0
75022,6638.645548041282
75024,5566.70534968199
75032,0.0
75039,0.0
75041,5097.023897181656
75043,5760.878137356038
75050,6281.4054549967195
75052,8907.562573924992
75056,5641.156935587752
75058,29910.498747941652
75061,0.0
75063,0.0
75068,10560.462670969106
75070,0.0
75074,5512.03451596939
75078,12801.22264060257
75082,0.0
75090,0.0
75093,0.0
75098,13260.706228603787
75103,27737.87120459541
75105,25663.857500901675
75110,0.0
75115,8886.735437138488
75119,0.0
75125,15129.58492947098
75127,12769.082422764533
75140,0.0
75142,0.0
75144,33531.674048205874
77976,24444.25631319209
77978,49137.23074894827
77979,49209.114552951425
77982,74044.24777826868
77983,65998.82469086008
77984,29526.960270593794
77990,44279.45209606304
77993,34475.81901944775
77994,22331.53522907874
77995,26588.153652203462
78002,22180.861671614057
78003,42271.08647814017
78004,34874.01693932251
78007,49820.086016840716
78009,37726.96168347069
78011,14936.76373780499
78013,29326.549089212724
78015,22922.307761394553
78017,0.0
78022,51553.297793328056
78024,36175.49527510097
78026,0.0
78039,32404.63244212478
78043,22521.148688519377
78045,43674.32388260333
78050,29240.132181284767
78056,35988.37074984681
78058,54164.18182590398
78061,0.0
78064,22849.32069752175
78066,32586.793481485463
78069,20961.254744247966
78071,57779.889391927114
78073,10922.228562622502
78104,15895.031356630792
78108,22879.02369731895
78112,21377.585122931167
78116,49524.015099492026
78118,40668.893182664746
78121,29872.13443189193
78123,12553.1203079884
78125,32935.50792238478
78132,15855.265954903221
78145,44044.3544088564
78146,29122.712504677394
78148,20754.068828654068
78154,23824.788880273176
78159,34263.451583080176
78161,26847.339044579152
78163,17659.565565305333
78204,3271.470817598537
78205,0.0
78207,0.0
78209,8985.381010998522
78211,7164.068417438154
78213,5609.616669818899
78216,6806.655439434186
78218,12831.138683003703
78220,10342.411669747575
78224,0.0
78227,11748.840812602548
78229,0.0
78231,7668.945340628674
78233,13261.32125489102
78236,14386.489759010492
78238,6727.8462234630815
78240,0.0
78244,16442.723968370203
78245,20648.402195653936
75147,26483.2547713179
75148,12144.077802934864
75149,0.0
75152,15787.96311219619
75153,23787.81960375121
75154,9520.33086047956
75155,19155.563260009647
75156,32896.72403719975
75158,22204.595577012216
75159,23019.80716259775
75160,18829.36114837897
75163,24358.35060938001
75165,0.0
75166,9380.658086568625
75167,13183.360935611483
75169,32831.63812297928
75173,16916.18596706623
75181,8753.060474831997
75189,15418.802361787999
75203,0.0
75206,4412.930780678176
75207,4148.240108066841
75209,3318.1987113984164
75211,9752.603348804609
75217,10633.27668442616
75219,2970.4221334549716
75223,3266.376128542016
75227,8060.044736586017
75228,3366.386585019449
75230,0.0
75232,3717.8079349556424
75234,0.0
75236,7462.014984650123
75240,3924.219712135415
75243,4838.169541173841
75252,5504.026455708439
75254,4552.683548691411
75287,5355.626069633222
75401,0.0
75407,12037.836167111298
75410,20090.814403678036
75414,12905.421545934958
75415,31138.0862964922
75417,34125.793159461144
75420,20267.833680923955
75422,21706.662658525936
75431,26204.879336574973
75433,23407.636954021877
75436,39933.01557806183
75438,51773.12887565847
75441,30666.478702678127
75446,32858.492361732744
75448,28506.412154679136
75450,34636.8081388056
75453,32450.990493205736
75455,0.0
75459,17659.7267453296
75468,29315.48458308128
75470,24865.56734124708
75474,35179.6700133418
75476,36272.02284237535
75478,27762.233011120516
75481,32500.849666654543
75486,20921.521131950693
75488,45542.650090380936
75490,34409.9232015538
75493,17850.654059256693
75495,22880.549238007505
75503,18659.487259245343
75551,35231.49579066508
78249,0.0
78250,7093.625555060325
78251,11042.675555016449
78253,21658.41202742485
78254,14391.108944468253
78255,12491.218337499944
78256,7198.923078294707
78257,10357.63372420168
78258,0.0
78259,7161.735588530312
78260,8118.533765765198
78263,21288.170476373074
78264,14175.090916707872
78266,18134.230033798915
78332,0.0
78336,0.0
78341,40118.65541172885
78343,25047.623716324455
78344,45058.90824011608
78353,70057.81613184146
78355,49884.578909692464
78358,23111.092424335
78362,8165.759466450766
78370,31931.568068045814
78372,35202.44893396018
78374,16491.540442716232
78376,55916.24206416856
78380,38730.173977303544
78383,48326.43625785178
78385,34433.12737780805
78390,18979.195739461804
78393,40376.96799015734
78402,6864.62433278913
78405,4481.578241071289
78408,6301.146158285935
78414,0.0
78417,8338.456401719264
78418,13013.497271563036
78503,0.0
78516,14485.571515989954
78521,14196.97778771371
78536,33754.649531449875
78537,7523.159647140848
78539,0.0
78543,17316.554956422046
78548,31385.987334369038
78550,0.0
78559,17620.05658321381
78562,19586.68956916878
78564,43458.36993335826
78566,20968.342967515007
78569,16641.599284860902
78573,11734.481951582322
78575,7941.0212518131375
78577,6559.237890791823
78579,9464.802687206588
78582,0.0
78584,28188.426598878264
78591,24899.509104386674
78592,19662.010320880494
78595,20372.380870648056
78596,0.0
78598,45328.557876262304
78606,51747.35404417419
78608,23075.88132689408
78610,10628.523708532568
78613,0.0
78614,17536.28453994354
78619,12736.370724061697
78621,38255.05705922459
75569,9067.24347823586
75601,0.0
75603,14609.185088895872
75605,0.0
75631,25313.74366001035
75633,0.0
75639,24378.825227522433
75641,23814.175257785057
75642,33836.62210275283
75644,41550.83194839235
75647,19961.964142412584
75651,18115.798355629107
78644,23354.15825031759
78648,34106.239623774716
78652,11796.847440390964
78653,21311.0725306918
78655,16354.052326050261
78657,19709.591489370512
78660,9743.62314203556
78662,30445.66341787483
78664,0.0
78666,0.0
78669,20054.013557806586
78671,29426.634898191664
78675,30096.86289198666
78677,21660.04432401639
78701,0.0
75654,22190.390092377293
75657,31781.026688751106
75661,30325.70783128442
75667,34272.686871545164
75669,31903.10925532098
75672,19808.499304658475
75681,39867.471499872925
75683,31855.432159051612
75686,33028.83927763222
75691,23049.20963052589
75701,0.0
75702,5452.779918985458
75704,19167.493707790767
75706,12729.87311156687
75708,0.0
75709,10372.501293230642
75751,0.0
75754,29350.398541787166
75756,33390.14088053814
75758,23827.67705217016
75759,21520.746132449254
75762,18819.830456709005
75764,14260.472251928142
75766,0.0
75770,29414.60120689444
75773,27656.16843341288
75779,17905.563152239538
75780,19304.862836234734
75785,23676.750331906926
75789,27840.943910503807
75790,16087.668756825286
75792,14385.85751206788
75803,23764.500605888577
75832,20767.374694673836
75833,38785.53464818985
75838,35432.6827403453
75840,0.0
75844,29338.510461795602
75846,53363.1520761394
78702,3262.7154565439364
78705,0.0
78712,1272.3347538441105
78719,16441.987355544374
78721,6543.457183737552
78724,13805.977818145806
78726,9659.544484819802
78728,7940.11695384423
78729,7231.654495642558
78731,0.0
78733,8007.4462170100305
78735,7443.081851658494
78737,0.0
78739,7995.546790530094
75848,21092.82452795142
75850,51476.22002420791
75851,25933.166799333078
75853,23459.419582707957
75856,29610.43809221821
75858,34591.81856694674
75860,24889.733741210664
75862,0.0
75904,0.0
75926,19456.052971152978
75928,51724.05387885552
75930,49540.942703977664
75932,49238.58602143216
75934,25031.135668366027
75935,40086.352557472244
75937,19178.221587179436
75939,39743.767919201484
75942,6164.843293653402
75944,30070.91704264885
75946,33154.26443834916
75949,17675.48235869928
75954,36637.38097404089
75959,36850.340476727004
75961,0.0
75962,18082.45967116227
75965,25483.575744129925
78741,5944.362363659418
78744,8750.625988004456
78746,0.0
78748,11923.02698053216
78750,5035.3040261009455
78751,2752.4562220064413
78752,6154.357831078421
78756,3601.7449801275106
79025,39500.84026464481
79033,82184.04347449206
79040,62054.04423330238
79042,62008.4418735299
79044,94537.0117152513
79046,39777.89763582408
79051,91249.14665892716
79053,68409.14165834528
79056,42855.248792517
79058,48801.199405861524
79061,51061.1653662972
79063,62474.48466308385
79065,0.0
79068,54538.93726109109
79072,0.0
79079,64374.938460545956
79081,78359.00200931945
79083,84209.99293643143
79085,23804.81105591422
79086,102012.05666605265
79088,55100.269343210326
79092,51211.87197531792
79094,63069.732173965705
78757,4035.5769961699375
78801,91216.4406703865
78802,70084.77714391174
78829,45914.73580387318
78830,41912.6588926733
78833,91919.84799929555
78836,32160.175191660022
78838,91914.42902956055
78839,33738.28202334044
78843,50631.61409131699
78851,121432.72892075282
78860,34239.57932206769
78861,62163.780182074195
78871,91510.74797768194
78873,72938.59000086186
78879,76033.1092424343
78880,72843.04937986047
78883,48636.010686342415
78884,65829.60989920943
78886,29685.261338915367
78932,33822.24136695132
78934,0.0
78938,19611.89539840498
78941,34781.211357768225
78943,6152.273203889767
78944,27686.73780925894
78946,37803.30675356044
78948,44296.887782961276
78950,27555.600736414075
79096,61025.71631137952
79406,2151.6165000253645
78951,13080.914888322297
78954,26963.1549472089
78957,0.0
78962,0.0
79001,62192.785212431576
79005,69152.80282726497
79009,44555.64313941705
79011,38837.89756373541
79013,106343.88686100188
79014,0.0
79098,32366.900986457098
79101,6191.697430690805
79102,5415.90773295787
79103,11751.935884100196
79104,11856.495734657714
79109,5115.432514559787
79111,23015.890559791977
79118,22482.554264873324
79121,5471.936940450192
79201,0.0
79225,24230.631622610854
79227,61254.246638340315
79230,46771.624761885134
79231,82523.98595892204
79234,77571.44721559604
79236,50346.39621923993
79239,60446.61395419374
79240,81173.36588261655
79244,83301.65313061867
79245,60777.34166801532
79247,23733.60619627004
79251,68850.55660688723
79255,79291.47276147026
79257,63645.208277833764
79258,50680.17313466811
79261,59046.78093912638
79312,21934.28548790148
79314,68157.75308800665
79322,76087.59180924014
79323,67224.70439845245
79325,39900.026707619916
79329,25069.22719638589
79331,0.0
79339,0.0
79342,31437.51303278379
79344,57551.65687930536
79346,47345.23457538859
79350,9388.155981890763
79353,31070.662179612234
79355,62596.505144138435
79357,51523.62193175767
79359,38461.440943474874
79363,15247.146973449122
79366,19447.114841485705
79369,22953.515192501593
79370,106343.80662525122
79372,24758.43645711224
79376,41485.919383639135
79377,34387.43824180278
79379,29934.788844664767
79381,31414.12359685714
79401,5061.751126266294
79404,7307.6095040111195
79525,17105.32821462135
79526,46432.021437878015
79528,90309.88610262536
79530,32721.261919664114
79533,33888.36531639228
79535,32613.010416239536
79537,27378.879721828747
79538,52905.17816323921
79540,37462.37410116275
79543,35386.521088260815
79545,24709.46911239557
79547,32678.165806287325
79549,79604.99858883141
79556,0.0
79560,26062.416518239592
79562,15952.399949526063
79565,46178.909233365695
79567,52324.797989077975
79602,17720.888440522398
79603,8369.758411991013
79607,8905.25022373255
79699,16560.255836987737
79703,5916.094297522576
79706,21176.899592802543
79713,38497.868726396846
79714,0.0
79720,0.0
79730,64787.06866459821
79733,23153.688398951945
79735,0.0
79739,64495.27333200953
79741,34355.7693730738
79743,60220.27756208881
79745,76863.13247604715
79749,44642.677754841534
79754,111431.65500604502
79755,64892.06564206602
79758,20070.935195598588
79761,0.0
79763,15115.200145540884
79765,10917.329162837521
79770,78257.4334491146
79772,128883.96852920808
79778,100593.04771805822
79781,113518.79378441106
76596,53101.17075640947
76597,50467.55112072475
76598,53785.84110718335
76599,53887.26715593374
76623,21388.055239145608
76628,20230.861574972165
76630,24252.602697427406
76632,23601.759597298595
76634,50361.08601183678
76635,23753.61154161507
76637,42647.8292326453
76639,31495.820838707747
76641,30415.384938158666
77050,13513.296455521922
77051,4201.099637866398
77056,5629.668957269389
77057,4132.7233735354275
77059,5137.870359644481
79414,4204.701343415886
79783,43520.263857087775
76643,11465.169873213548
77076,6403.438616128944
77080,5970.153515276
77082,0.0
77084,8444.662873304826
77085,3705.673231098693
77087,8277.231656791839
77089,8775.673011428727
77091,0.0
77093,11146.946047605903
77095,6013.559410309382
77098,3929.902147803521
77201,1221.0303493656445
77303,15974.253892907687
77306,21121.49443829803
77318,15344.61009870134
77320,20797.07025788089
77327,0.0
77331,40272.03924256209
77335,19823.185482276825
77338,0.0
77339,0.0
77342,12596.312763527923
77346,8511.377504704435
77351,0.0
77355,19389.805075936732
77357,14455.194031089792
77359,26848.409066423035
77360,27565.634206418807
77363,37818.64641543037
77365,9461.94608321941
77368,20899.748741625954
77369,24080.93313557197
77372,25550.349217517767
77374,35153.62529642556
77378,23120.877195532208
77380,0.0
77381,6513.756934565118
77384,0.0
77386,13347.922469211024
77389,5118.92749523477
77401,6593.324712010816
77406,13221.270308391144
77412,23071.57135223661
77415,16583.707332028553
77417,31662.539911489963
77419,42317.68053615049
77422,14851.723900248333
77426,17926.85532518268
77429,0.0
77430,27383.082278260452
77433,10462.82504939157
77435,42739.348708810045
77977,25355.042647314767
77987,38916.783113478465
77988,11437.588780644199
78005,31706.032213660197
78006,37994.70009528212
78008,38221.481303592176
78010,20109.972421929804
78012,16437.842084460197
78014,44141.255646104306
78016,41152.19940423017
78019,47176.81154230451
78021,48533.03745047137
78023,15673.186400136447
78025,15297.053919006907
78027,44152.26671308672
78029,26282.61759663807
78040,6701.364500906368
78041,0.0
78044,0.0
78046,25822.883607163243
78052,28651.290993181792
78055,32754.23255160211
78057,23993.831205438742
78059,36103.180951603455
77096,2850.029331281653
77440,30158.818675824612
77442,34993.458417504335
77443,19827.7308079426
77445,25860.867089477233
77447,20612.287482855052
77448,33653.150963833694
77451,35862.8046792751
77453,31265.07904717428
77454,39848.76739675596
77457,24583.35222774764
77459,12553.814296442202
77376,32514.155686232025
77506,8642.715274007021
77507,8600.931640590208
77514,43321.45071221787
77517,21514.645524644762
77518,13773.307738408655
77520,8973.392161981927
77523,11077.785574434449
77531,9247.936574599331
77533,47199.55851938223
77535,33632.842746582195
77538,46482.01843790967
77541,18662.8808877307
77545,13843.851532054035
77547,12466.564004808019
77551,46455.247400600914
77560,42675.938915893654
77561,29166.12700916163
77563,33321.01976109943
77565,7763.2982512566405
77568,28301.868453153264
77573,7241.492259974923
77577,34940.635627259944
77578,8425.444448390399
77436,27454.34760913902
78060,44459.32273135211
78063,36830.17121973431
78065,29803.35069988348
78067,54681.44876905074
78070,35362.184251555525
78072,67922.13765808617
78075,40491.19197761804
78076,66113.86659090265
78102,0.0
78107,24035.99701779532
78109,23161.26277214153
78113,22587.964298270326
78114,0.0
78117,35360.042093255564
78119,46376.12867809813
78122,25767.845780985732
78124,20177.188348597385
78130,0.0
78133,30707.452375530902
78140,34567.365461263056
78142,20289.45917723115
78143,35708.26918710077
77062,4564.397063794139
77460,26242.205750520192
77464,24254.23233270327
77466,22015.232373508785
77468,31507.226922278885
77470,20710.620856345966
77473,28439.915382381776
77474,27490.62787369859
77476,19446.600217563424
77478,0.0
77479,0.0
77581,8356.98616199796
77584,0.0
77586,6880.07275772669
77587,4701.750602134241
77591,23438.951774418532
77598,0.0
77612,46990.95801385427
77614,42466.09046066058
77616,36561.37343183857
77617,62215.01283197616
77619,8856.765279866466
77624,17124.18851348104
77627,15419.199366454959
77630,25856.478546415456
77632,37441.46383793567
77650,48516.320671795555
77651,13457.668387634
77656,42754.585615365606
77659,35403.518018966395
77661,55218.32517739954
77663,34153.038952898634
78144,40649.344257214565
78147,14671.991617873651
78150,22985.341912832853
78152,31130.197828162127
78155,0.0
78160,34229.48218751766
78162,24750.023893102076
78164,30425.662036742735
78201,5963.120182806908
78202,2846.441115762416
78203,3165.6618747830553
78208,3689.5121600978164
78210,4241.770372481458
78212,5304.425413120481
78214,8817.024928749632
77664,22884.933301753794
77701,0.0
77702,0.0
77706,5033.616963547083
77708,8556.390720272802
77801,5381.145909233821
77802,0.0
77807,17672.64689020335
77830,29782.13657469474
77833,0.0
77836,42886.24668584461
77837,29858.925298172926
77845,0.0
77855,66007.00073115676
77857,25114.631812455875
77861,26632.542580355257
77864,57236.97029643495
77867,26779.77565500383
77871,55460.2652600029
77873,31690.719601702116
77878,21380.61849816096
77880,26450.483376271484
77901,0.0
77905,11345.46714324424
77951,23189.429824634608
77957,43322.492406836696
78215,2345.0365901963364
78217,8623.945396881596
78219,11201.342892209184
78221,7049.299269266792
78223,16694.197060128547
78225,4370.44073581957
78226,6910.342974299295
78228,5700.19881829694
78230,5511.283161659046
78232,0.0
78234,7015.094157306385
78235,10972.875661250057
78237,4885.7307487077915
78239,15437.977827051445
78242,10444.02701656161
77961,46167.966929188246
77963,46055.23172349511
77964,37452.58429893592
77969,37357.42118174182
77971,51633.6230932226
77974,26141.14397431324
78243,10093.076114727033
75226,0.0
75229,4903.75278067707
75231,0.0
75233,5120.015294735173
75235,0.0
75237,0.0
75238,4672.471913117553
75241,11726.750184907343
75244,4595.183628551674
75246,0.0
75249,9947.389281933569
75251,3154.4935360166082
75253,12571.535238823362
78247,7550.332633405789
78248,5621.834600941767
75157,23907.265980621272
75164,22834.30917617181
75172,9304.167234817278
75180,6774.737814130331
75182,0.0
75201,2237.7665897599236
75202,3190.0403665699732
75001,0.0
75002,10176.53171713558
75007,3938.267844601137
75010,0.0
75019,5677.827266638776
75021,15801.104088946895
75023,4832.564486146562
75025,6114.1745731687
75028,0.0
75034,0.0
75204,0.0
75205,4632.275449755139
75208,4220.465002296293
75210,3716.6493071638606
75212,6099.408466859296
75214,5092.524472116979
75216,5061.104600449622
75218,0.0
75220,5473.554553562607
75224,6207.712503138774
75225,4877.6021927034
75038,6221.447614861343
75040,6372.652794148966
75042,0.0
75044,3970.963361319996
75048,9446.242712058913
75051,0.0
75054,11722.454180683504
75057,0.0
75060,4169.622488838898
75062,2939.779795239229
75065,8725.653847750027
75067,5100.32138992961
75069,0.0
75071,0.0
75075,0.0
75077,6116.212888357886
75080,6290.046598080567
75081,6067.766916719272
75087,0.0
75089,4967.059939135519
75092,18189.538501496587
75094,6417.320361739852
75101,14483.536312047108
75102,12916.179116391708
75104,15313.230835587636
75109,20210.026818536273
75114,22605.12338397864
75116,4609.6127472020935
75117,19710.58205940516
75124,31139.013153024043
75126,13739.353162128406
75132,8495.138570011828
75135,19565.989065296253
75137,6006.968673871188
75141,10657.755193955658
75143,27708.356184862772
75146,0.0
79788,79683.74321196815
79821,27613.395439077933
79830,131095.55342685222
79834,194222.1029066513
79836,28877.9987664687
79838,39691.63394941837
79839,90195.83706220436
79843,178959.39136584135
79846,213629.29415698373
79848,83063.72952489444
79849,28652.612907364564
79852,196127.72350805893
79854,209915.802958709
79855,159488.7328608589
79901,3751.437827139257
79903,3192.954769889444
79906,5657.156900435632
79908,12859.725541909842
76648,43370.069509551606
76650,30818.165622085267
76651,25991.361234313055
76653,26985.570893676824
76654,38091.6429511488
76657,18524.254611617314
76661,0.0
76665,39371.251176517326
76667,0.0
76693,18440.51933283346
76701,13533.297481440948
75978,7445.820924367421
76011,6291.783428222055
76013,4517.885681756389
76015,0.0
76017,0.0
76020,0.0
76021,3256.899443882346
79911,15041.608784273367
79915,6444.3474976970065
79916,6274.816523772795
79920,7397.712940147493
79927,17451.31137307781
79930,5665.798829961966
79932,17260.016461554875
79935,3749.7858919502346
79938,0.0
76704,15897.47042002224
76707,11520.712032412725
76710,6997.162280591439
76711,11465.694103698359
76798,15467.13349878071
76802,15323.972034086732
76821,64892.63669151274
76824,47665.00934260575
76827,29921.688639684202
76831,25872.904958901097
76834,50941.17565600223
76836,70785.00980735508
76841,60609.560114906504
76844,48169.861982575385
76848,99431.36689164933
76852,67813.38089360925
76853,61516.01321645462
76856,63649.70765035496
76858,86886.26940983234
76861,30287.419852810708
76864,42050.36928693024
76866,56795.17297851414
76869,44392.69301320853
76871,59316.43708085119
76873,48397.87472016419
76875,50437.884921629666
76877,62952.00309665545
76884,57166.16338540404
76887,66611.90750785569
76888,69060.45538129343
76031,21734.507289672998
76034,5343.852534397319
76036,11977.315810495913
76039,7811.0978460967
76041,17861.06764130341
76044,19117.857667628283
76049,12431.143743414996
76051,0.0
76053,4223.299407177907
76054,0.0
76058,15527.755752857362
76059,17804.76263408896
76063,0.0
76065,21575.355641442242
76067,0.0
76071,16958.890427065773
76077,14369.636428014968
76078,22990.94152018725
76084,19104.15061412579
76086,0.0
76088,17310.277541384763
76901,22550.99469448654
76904,0.0
76908,7915.174691184275
76932,112044.42833140101
76933,52241.80442302128
76935,26548.175673859845
76937,30318.749852253433
76940,33302.07948279197
76943,111704.09532260435
76945,55327.10808315763
76950,96376.97773456898
76953,33433.338475856996
76957,15234.971425779246
77002,0.0
77004,0.0
76022,0.0
76093,15747.137275577064
76102,4256.125501426223
76104,0.0
76106,11999.778307973784
76108,17137.018393823473
76109,5071.964795062209
76112,8877.324557566812
76115,3835.490395557283
76116,7825.197314069176
76118,5678.877411698563
76120,4942.307984913696
76126,11413.38241380647
76129,2747.9329860302837
76132,0.0
76134,8511.008799466841
76135,14182.782709652818
76140,13030.80791999336
76148,4785.710927493029
76177,0.0
76180,0.0
76182,4748.813114130798
76207,3920.1840712876515
76208,0.0
76210,0.0
77005,2848.2663675027175
77006,3511.846313282489
77008,0.0
77009,4949.312740678705
77010,717.8052013602552
77015,15022.831969758578
76226,9759.114299895113
76228,17902.557599402204
76233,33682.69607690586
76234,0.0
76239,33222.81483454685
76244,0.0
76247,16168.421980865074
76249,19292.171637027437
76251,27013.716356177174
76252,23805.8451507453
76253,16100.734419875836
76259,18008.804389170848
76262,0.0
76264,26082.616485944527
76265,22641.466130629662
76268,24877.39723718824
76271,27334.050429169685
76273,29378.704568520137
76302,5640.286930675101
76306,7245.519722974456
76308,7903.472778354166
76373,24074.720768571413
76389,38297.788069387134
76401,0.0
76402,8958.197085851038
76427,22724.166341062733
76430,38918.28786951094
76432,30035.383373022494
76433,20399.022024391084
76436,24064.12189456104
76442,51199.2273863195
76444,45803.75736160835
76446,32001.242011305156
76449,26615.597251115636
76450,0.0
76453,37042.57255881623
76455,26813.04617759559
76458,0.0
76460,35789.22092602039
76463,33236.357415255115
76466,8301.508000668413
76469,44349.892934752665
76471,42634.86762152989
76474,40849.99666293489
76476,14412.788377333858
76483,57415.22214224844
77016,15318.84511555983
77018,3753.223033807467
77020,6108.213959022597
77021,3588.257355407159
77023,4980.126436726424
77025,3425.847715902982
77026,6871.573968703105
76309,7241.960916073148
76311,9176.885116576692
79410,0.0
79411,3283.8983813358327
79412,0.0
79413,3161.4142664874507
76484,18103.27581349958
76487,31500.399691046834
76490,22754.65562662018
76502,0.0
76508,0.0
76511,36448.6786642219
76518,27676.25842722074
76520,0.0
76523,38252.558190487725
76525,26563.847636531027
76528,49798.69941519687
76531,0.0
76534,25331.939523796733
76538,33704.3720746494
76541,12383.72613287708
76543,11457.759748398734
76548,0.0
76549,9340.727462346056
76554,13068.199182508119
76557,25852.36570332471
76561,34520.36619792756
76566,31316.56518662172
76569,23002.648386486504
76571,16453.94163641644
76573,34096.87776412
76577,43250.03919249427
76579,19137.08719192499
77027,6491.695397092945
77028,12362.71347000553
77033,7757.777231186768
77034,3916.032202275345
77036,9099.542977014746
77038,8321.744183464798
77040,10058.169071480177
77042,6650.1851368642265
77044,18829.98899617073
77046,4912.773024296772
77047,8934.995572893551
77049,20711.820001730888
75270,2878.5826470380157
75390,0.0
75402,15816.416509484023
75409,18026.64639861789
75411,26085.30507663577
75412,38938.19439403878
75413,34897.1064146684
75416,27941.52923168232
75418,41187.18641265032
75421,12672.537460938467
75423,16252.39741137085
75426,35387.64527940619
75428,25269.608142434397
75432,31263.018677510285
75435,39993.57957455583
75437,19481.97931856535
75439,30704.07467022736
75440,31444.594373469965
75442,26041.2316997711
75447,52268.068482633884
75449,36938.11899851305
75451,36916.50769018826
75452,31057.259866689863
75454,8807.600236413971
75457,26707.639030750757
75460,0.0
75462,14167.229660840958
75469,39318.85700559944
75471,29646.588589480532
75473,24467.943439172865
75475,38345.436045537135
75477,22164.33642943898
75479,23092.41790523672
75480,35083.460899497215
75482,0.0
75487,25845.562590266913
75489,13267.537286580646
75491,21913.501666117118
75492,44564.86262773671
75494,51492.0838271626
75496,24213.041344136516
75501,0.0
75550,38434.499369059806
75554,41675.87259415363
75555,56741.94391072951
78330,25472.63609847874
78335,11715.408930689666
78338,70565.94755496677
78339,40521.908073328326
78340,24407.87699780365
78342,10484.580846559047
78349,46484.46473386394
78351,30333.390254798145
78352,39662.44975098174
78357,55594.35124138466
78361,68696.78551332287
78363,0.0
78369,50250.942903398296
78371,24499.01997576692
78373,20601.515096945193
78375,32156.816496305608
78377,53496.94710546182
78379,20238.607287136805
78382,29596.79410667075
78384,30467.273200696374
78387,43412.6562675641
78389,20196.4582203558
78391,27978.421538116454
78401,3748.10429932808
78404,0.0
78406,13326.16633333596
78407,6981.636150746699
78409,14730.825010260178
78411,5066.41676308543
78413,4998.102503054172
78415,12574.010466122969
78416,4621.800543105575
78419,8257.77796075063
78501,6354.525862884986
78504,6007.467037288775
78520,0.0
78526,0.0
78535,8470.343250955166
78538,25609.170620305904
78541,23807.18811673
78542,24128.327635619964
78545,42798.07627173043
78549,28047.459198924174
78552,12034.587671906445
78359,12219.489344534435
78558,16663.127091456536
78560,13294.282560055486
78561,38486.64666134773
78563,47732.69949331975
78565,19611.366611246864
78567,23721.483888525257
78570,8960.729556102307
78572,0.0
78574,11304.448930313836
78576,14793.801112202775
78578,16140.924794966517
78580,29653.324031830125
78583,20121.137716420737
78585,43102.52839694346
78588,43990.326757055656
78589,10341.911000390986
78590,31026.38277684349
78593,17441.216764059733
78594,18014.835397188195
78597,41230.897637815884
78602,22188.442926207674
78605,32580.95099603448
78607,29951.415842864815
78609,28961.152964216155
78611,29005.30873781606
78612,36172.16426017518
78615,29543.854302025713
78616,30453.62166774485
78618,40850.914846508516
78620,19267.01936699714
78622,26617.560784295016
78623,32015.819477227098
78656,12329.746105000982
75645,21998.046076752304
75933,56516.63773379785
79078,75315.76125894558
79343,39297.06467682637
75968,42047.63668219664
76105,5419.334629080205
76310,0.0
79423,14044.003160307364
79707,15472.601031216584
79928,24969.32974105883
76435,20512.28687164021
76621,18957.889273461296
76862,80557.71788046505
77039,13168.25863166727
77302,15250.876953551988
77446,32110.73141546095
77504,0.0
77665,47196.94517880326
75088,0.0
77991,41380.21109864438
78141,44609.4114871676
75150,6306.473274561839
75247,4086.6378332663435
75497,32920.4900302562
78252,19400.163898351937
78410,23703.674395284477
78617,22528.029357273637
78852,0.0
78629,0.0
78650,37146.88467907112
78717,6478.342594335116
78749,11004.03273323658
78870,73786.84316666497
78959,32733.496724926048
75556,29346.565397419985
75572,18922.663489877315
75662,0.0
75760,48409.502477579575
75847,36146.634634337635
75948,42065.85259220344
79024,72813.96605750117
79054,20214.13974219817
79095,62681.160882327975
79235,60954.810215126345
79330,98922.66562052158
79378,22456.117871532435
75979,0.0
76035,26833.92435126633
76082,19425.544475820527
76131,9399.827312809444
76240,0.0
79508,11442.477774223134
79534,17224.99563661636
79606,0.0
79756,69634.67757795892
79845,222505.90101781389
76366,31673.342325474463
76429,26379.56929306684
76472,26739.100360887773
76537,29565.159467155616
76622,28930.101828519866
76652,23227.092374125863
79942,119186.05256676707
76686,17572.73909465543
76825,92140.76376914888
76874,112952.24603925046
76951,74654.79664295354
77029,11486.274181794544
77058,0.0
77067,7197.788717603534
77083,3977.186642285359
77334,23767.781492077578
77375,0.0
77434,35886.753503305925
77471,22259.161138948595
77483,14972.584283770904
77510,23331.757165322302
77564,32581.95500865538
77623,67134.3089143998
77713,14363.926043129351
77879,26294.7527462964
75035,0.0
75076,13451.246190927815
75134,7003.049897896598
78001,52264.59611309527
78028,0.0
78101,29095.35434471622
78151,55387.70387285505
78222,14077.512351789344
75161,23256.48264502711
75215,4720.485221053015
75248,4977.014869404914
75424,28223.179298828105
75472,37846.74046230115
78261,12854.585279802064
78368,39136.894333491204
78412,0.0
78557,7258.416062769934
78586,19219.63183751109
